{
  "src": [
    "soundfx.data-sprite.mp3"
  ],
  "sprite": {
    "alarm1": [
      0,
      2533.877551020408
    ],
    "alarm2": [
      4000,
      1999.342403628118
    ],
    "alarm3": [
      7000,
      4245.30612244898
    ],
    "alarm4": [
      13000,
      2273.9682539682544
    ],
    "beep1": [
      17000,
      470.2040816326516
    ],
    "beep2": [
      19000,
      312.0181405895686
    ],
    "beep3": [
      21000,
      444.08163265305944
    ],
    "beep4": [
      23000,
      522.448979591836
    ],
    "beep5": [
      25000,
      461.4965986394566
    ],
    "beep6": [
      27000,
      861.6099773242638
    ],
    "bling1": [
      29000,
      2324.897959183673
    ],
    "bling2": [
      33000,
      3379.2743764172355
    ],
    "bling3": [
      38000,
      717.2108843537401
    ],
    "bling4": [
      40000,
      9880.090702947846
    ],
    "bling5": [
      51000,
      1215.8956916099796
    ],
    "cannon1": [
      54000,
      2034.1043083900204
    ],
    "cannon2": [
      58000,
      1472.9251700680238
    ],
    "chime1": [
      61000,
      4304.149659863952
    ],
    "chime2": [
      67000,
      1714.2857142857083
    ],
    "chime3": [
      70000,
      1356.3038548752786
    ],
    "chime4": [
      73000,
      5000
    ],
    "chime5": [
      79000,
      5000
    ],
    "click1": [
      85000,
      182.85714285714505
    ],
    "click2": [
      87000,
      261.2244897959215
    ],
    "click3": [
      89000,
      150.49886621315522
    ],
    "click4": [
      91000,
      24.013605442178232
    ],
    "click5": [
      93000,
      159.9092970521525
    ],
    "click6": [
      95000,
      47.02947845804317
    ],
    "click7": [
      97000,
      498.20861678004746
    ],
    "error1": [
      99000,
      470.2040816326587
    ],
    "error2": [
      101000,
      2220.408163265304
    ],
    "error3": [
      105000,
      1032.018140589571
    ],
    "error4": [
      108000,
      827.4376417233498
    ],
    "fanfare1": [
      110000,
      3632.562358276644
    ],
    "fanfare2": [
      115000,
      8662.539682539687
    ],
    "jingle1": [
      125000,
      5000
    ],
    "jingle2": [
      131000,
      4322.9251700680325
    ],
    "jingle3": [
      137000,
      12857.14285714286
    ],
    "laugh1": [
      151000,
      3660.204081632656
    ],
    "laugh2": [
      156000,
      9000.045351473915
    ],
    "punch1": [
      167000,
      793.5374149659822
    ],
    "punch2": [
      169000,
      268.48072562358993
    ],
    "punch3": [
      171000,
      633.9682539682485
    ],
    "resonance1": [
      173000,
      6817.95918367348
    ],
    "resonance2": [
      181000,
      1718.2766439909187
    ],
    "resonance3": [
      184000,
      2813.696145124709
    ],
    "resonance4": [
      188000,
      4000.022675736972
    ],
    "scale1": [
      194000,
      5093.877551020398
    ],
    "scale2": [
      201000,
      5499.841269841283
    ],
    "scale3": [
      208000,
      2136.235827664393
    ],
    "slide1": [
      212000,
      854.1950113378789
    ],
    "slide2": [
      214000,
      572.9024943310606
    ],
    "slide3": [
      216000,
      313.4693877551058
    ],
    "slide4": [
      218000,
      2142.040816326528
    ],
    "slide5": [
      222000,
      513.3333333333212
    ],
    "slide6": [
      224000,
      607.2789115646344
    ],
    "splash1": [
      226000,
      2455.5102040816337
    ],
    "splash2": [
      230000,
      1331.2925170068013
    ],
    "throw1": [
      233000,
      238.73015873016357
    ],
    "throw2": [
      235000,
      337.23356009070926
    ],
    "throw3": [
      237000,
      185.21541950113374
    ],
    "throw4": [
      239000,
      1026.5532879818693
    ],
    "whoosh1": [
      242000,
      1061.2471655328761
    ],
    "whoosh2": [
      245000,
      2343.7414965986536
    ],
    "whoosh3": [
      249000,
      470.2040816326587
    ],
    "whoosh4": [
      251000,
      426.167800453527
    ],
    "whoosh5": [
      253000,
      200.90702947845784
    ]
  }
}